CHECK,clipped_tile_union_exact_merge_4KiB,PASS
CONFIG,seed=7,frames=600,merge_gap_tiles=0,CPU_invalidate=300,bg_invalidate=450
tier,tile,frames,full_resets,restore_pct_mean,restore_pct_max,rect_mean,rect_max,burst_mean,baseline_bursts,scene_commands_mean,instances16B_mean,apb10writes_mean,equal_frames
32,16,600,6,3.924,5.641,28.96,38,649.23,1112,44.87,702,449,600
64,16,600,6,6.650,8.775,49.35,64,1056.51,1112,80.69,1275,807,600
128,16,600,6,10.625,12.849,74.03,92,1523.26,1112,152.36,2422,1524,600
256,16,600,6,17.525,19.202,108.38,129,2175.02,1112,295.33,4709,2953,600
512,16,600,6,27.924,31.895,152.61,186,3011.51,1112,582.12,9298,5821,600
32,32,600,6,9.163,11.852,22.81,30,857.89,1112,44.87,702,449,600
64,32,600,6,14.939,18.604,34.01,46,1283.79,1112,80.69,1275,807,600
128,32,600,6,22.283,28.319,44.07,59,1633.75,1112,152.36,2422,1524,600
256,32,600,6,33.241,38.348,52.94,69,1878.94,1112,295.33,4709,2953,600
512,32,600,6,49.018,56.353,60.89,82,2159.84,1112,582.12,9298,5821,600
32,64,600,6,24.488,33.732,14.33,22,1033.81,1112,44.87,702,449,600
64,64,600,6,35.944,46.781,17.28,26,1249.91,1112,80.69,1275,807,600
128,64,600,6,47.234,58.917,18.02,30,1305.22,1112,152.36,2422,1524,600
256,64,600,6,59.447,73.732,15.92,25,1236.58,1112,295.33,4709,2953,600
512,64,600,6,75.501,88.262,13.04,23,1228.73,1112,582.12,9298,5821,600
RESULT,research_only_pixel_equivalence,PASS,frames=9000
CONFIG,seed=7,frames=600,merge_gap_tiles=2,CPU_invalidate=300,bg_invalidate=450
tier,tile,frames,full_resets,restore_pct_mean,restore_pct_max,rect_mean,rect_max,burst_mean,baseline_bursts,scene_commands_mean,instances16B_mean,apb10writes_mean,equal_frames
32,16,600,6,4.260,6.268,27.65,38,585.45,1112,44.87,702,449,600
64,16,600,6,7.427,10.085,45.08,60,911.70,1112,80.69,1275,807,600
128,16,600,6,12.103,15.356,63.97,82,1244.71,1112,152.36,2422,1524,600
256,16,600,6,20.996,27.123,81.91,107,1536.07,1112,295.33,4709,2953,600
512,16,600,6,33.672,39.715,104.65,138,1965.41,1112,582.12,9298,5821,600
32,32,600,6,10.671,15.043,19.81,27,713.32,1112,44.87,702,449,600
64,32,600,6,18.325,24.986,26.70,39,957.47,1112,80.69,1275,807,600
128,32,600,6,27.972,37.407,30.41,43,1098.02,1112,152.36,2422,1524,600
256,32,600,6,41.623,49.459,28.50,46,1078.59,1112,295.33,4709,2953,600
512,32,600,6,60.152,70.456,26.39,43,1153.66,1112,582.12,9298,5821,600
32,64,600,6,32.601,46.496,9.35,15,710.46,1112,44.87,702,449,600
64,64,600,6,46.565,64.330,10.12,15,833.59,1112,80.69,1275,807,600
128,64,600,6,58.756,80.969,9.48,15,908.77,1112,152.36,2422,1524,600
256,64,600,6,67.938,89.459,8.81,15,975.44,1112,295.33,4709,2953,600
512,64,600,6,80.829,96.125,7.52,11,1037.16,1112,582.12,9298,5821,600
RESULT,research_only_pixel_equivalence,PASS,frames=9000
CONFIG,seed=7,frames=600,merge_gap_tiles=4,CPU_invalidate=300,bg_invalidate=450
tier,tile,frames,full_resets,restore_pct_mean,restore_pct_max,rect_mean,rect_max,burst_mean,baseline_bursts,scene_commands_mean,instances16B_mean,apb10writes_mean,equal_frames
32,16,600,6,4.769,8.205,26.44,35,545.43,1112,44.87,702,449,600
64,16,600,6,8.693,13.105,41.64,57,812.14,1112,80.69,1275,807,600
128,16,600,6,14.438,19.986,56.29,78,1062.08,1112,152.36,2422,1524,600
256,16,600,6,25.695,30.598,64.67,92,1172.18,1112,295.33,4709,2953,600
512,16,600,6,42.029,52.137,71.50,104,1354.87,1112,582.12,9298,5821,600
32,32,600,6,13.386,19.373,17.06,24,612.52,1112,44.87,702,449,600
64,32,600,6,23.793,32.593,21.18,30,764.75,1112,80.69,1275,807,600
128,32,600,6,35.590,49.516,22.21,30,850.58,1112,152.36,2422,1524,600
256,32,600,6,48.713,60.969,20.38,33,891.94,1112,295.33,4709,2953,600
512,32,600,6,66.542,80.285,18.43,28,1006.40,1112,582.12,9298,5821,600
32,64,600,6,39.017,57.037,7.34,11,654.62,1112,44.87,702,449,600
64,64,600,6,53.986,75.271,7.68,11,789.99,1112,80.69,1275,807,600
128,64,600,6,63.951,84.615,7.50,10,877.61,1112,152.36,2422,1524,600
256,64,600,6,70.900,89.801,7.46,10,948.13,1112,295.33,4709,2953,600
512,64,600,6,82.763,96.125,6.67,9,1012.53,1112,582.12,9298,5821,600
RESULT,research_only_pixel_equivalence,PASS,frames=9000
